acc,ap,auc,f_acc,fnr,fpr,r_acc,split
99.955,99.99988539469487,99.999885,99.96000000000001,0.03999999999999204,0.04999999999999716,99.95,source_holdout
