acc,ap,auc,f_acc,fnr,fpr,r_acc,split
99.99900000000001,99.99999976002879,99.99999976000001,99.998,0.001999999999995339,0.0,100.0,source_holdout
