acc,ap,auc,f_acc,fnr,fpr,r_acc,split
98.33918215292117,99.84221319975985,99.84953402391157,98.55614610147101,1.4438538985289853,1.87777777777778,98.12222222222222,source_holdout
