{
  "accepted_candidate_count": 402,
  "baseline_metrics": {
    "fake_brier": 0.0006016755849436585,
    "fake_logloss": 0.010899486632619696,
    "fake_margin": 5.205144062633067,
    "real_brier": 0.0008025615699733304,
    "real_logloss": 0.015470323958588673,
    "real_margin": 4.740747360923886,
    "source_ap": 99.99999900009999,
    "source_auc": 99.99999899999999,
    "source_ba": 99.995,
    "source_brier": 0.0007021185774584946,
    "source_flip_rate": 0.0,
    "source_logloss": 0.013184905295604184,
    "source_margin": 4.972945711778477,
    "source_mean_score_drift": 0.0
  },
  "candidate_count": 1296,
  "constraints": {
    "max_flip_rate": 0.0001,
    "max_mean_score_drift": 0.01,
    "max_real_logloss": 0.0069,
    "min_source_ap": 99.999999,
    "min_source_auc": 99.999999,
    "min_source_ba": 99.995,
    "scale_grid": [
      0.75,
      1.0,
      1.25,
      1.5,
      1.75,
      2.0
    ]
  },
  "effective_parameters": {
    "alpha_high_neg": 0.0,
    "alpha_high_neg_guard": 0.2,
    "alpha_high_pos": 0.4,
    "alpha_low_neg": 0.15,
    "alpha_low_pos": 0.3,
    "beta": 0.4,
    "gamma": 0.24
  },
  "method_name": "FreqPRISM pure source-only stress-calibrated fusion",
  "objective": "minimize fake-side source logloss among candidates satisfying source BA/AP/AUC, drift, flip-rate, and real-source logloss constraints",
  "phase": "phase1s_source_stress_calibration",
  "project": "FreqPRISM",
  "selected_metrics": {
    "accepted": true,
    "alpha_high_neg": 0.0,
    "alpha_high_neg_guard": 0.2,
    "alpha_high_pos": 0.4,
    "alpha_low_neg": 0.15,
    "alpha_low_pos": 0.3,
    "anchor_distance": 3.0,
    "beta": 0.4,
    "fake_brier": 3.173891767508969e-05,
    "fake_logloss": 0.000768916416775684,
    "fake_margin": 8.842113621246815,
    "gamma": 0.24,
    "real_brier": 0.00029257605873567996,
    "real_logloss": 0.006331570211414791,
    "real_margin": 6.025854663312435,
    "residual_scale": 2.0,
    "semantic_neg_scale": 1.0,
    "semantic_pos_scale": 2.0,
    "source_ap": 100.0,
    "source_auc": 100.0,
    "source_ba": 99.995,
    "source_brier": 0.00016215748820538482,
    "source_flip_rate": 0.0,
    "source_logloss": 0.0035502433140952375,
    "source_margin": 7.433984142279625,
    "source_mean_score_drift": 0.009355545043945312,
    "target_labels_used_for_selection": false,
    "tile_scale": 2.0,
    "variant": "b2p00_sp2p00_sn1p00_g2p00"
  },
  "selected_weights": {
    "residual_scale": 2.0,
    "semantic_neg_scale": 1.0,
    "semantic_pos_scale": 2.0,
    "tile_scale": 2.0
  },
  "selection_data": "source_gate_stress_only",
  "source_component_dir": "/data/lizihao/FreqPRISM-main/results/source_fit_gate_repro/component_cache/source_gate_components",
  "source_group_count": 20,
  "target_labels_used_for_final_report_only": false,
  "target_labels_used_for_selection": false,
  "threshold": 0.5
}
