mean_acc,mean_ap,mean_auc,mean_f_acc,mean_fnr,mean_fpr,mean_r_acc
89.38674262978543,99.24380389168454,99.18764189494554,95.4126158089421,4.587384191057889,16.641840903898096,83.3581590961019
