mean_acc,mean_ap,mean_auc,mean_f_acc,mean_fnr,mean_fpr,mean_r_acc
94.82305609326008,99.3441432768455,99.30291948043306,94.95312245328778,5.046877546712226,5.307010266767613,94.69298973323238
