mean_acc,mean_ap,mean_auc,mean_f_acc,mean_fnr,mean_fpr,mean_r_acc
93.8359375,98.50262561058129,98.55717552083334,92.75833333333333,7.241666666666666,5.086458333333335,94.91354166666667
