generator,acc,ap,auc,f_acc,fnr,fpr,r_acc
ADM,90.64999999999999,97.70233276807377,97.89181944444444,86.45,13.549999999999997,5.150000000000006,94.85
BigGAN,78.2,92.04520783720749,92.35352916666668,61.35,38.65,4.950000000000003,95.05
Glide,97.2,99.9240244634237,99.92329861111111,99.88333333333334,0.11666666666666003,5.483333333333334,94.51666666666667
Midjourney,95.42500000000001,99.19075333461281,99.03145555555555,96.31666666666666,3.683333333333337,5.466666666666669,94.53333333333333
VQDM,96.45,99.1677185196814,99.26616666666666,98.06666666666666,1.9333333333333371,5.166666666666657,94.83333333333334
stable_diffusion_v_1_4,97.76666666666667,99.99956675408932,99.99956666666667,100.0,0.0,4.466666666666669,95.53333333333333
stable_diffusion_v_1_5,97.46249999999999,99.99941201654505,99.99941249999999,100.0,0.0,5.075000000000003,94.925
wukong,97.53333333333333,99.99198919101676,99.99215555555556,100.0,0.0,4.933333333333337,95.06666666666666
