mean_acc,mean_ap,mean_auc,mean_f_acc,mean_fnr,mean_fpr,mean_r_acc
40.638888888888886,45.20204978025251,35.50546666666666,76.87777777777778,23.122222222222224,95.6,4.3999999999999995
