generator,acc,ap,auc,f_acc,fnr,fpr,r_acc
dalle2,50.0,44.68061119767264,40.967999999999996,95.6,4.400000000000006,95.6,4.3999999999999995
dalle3,9.4,30.91439552757162,2.4311,14.399999999999999,85.6,95.6,4.3999999999999995
firefly,19.400000000000002,31.49937567527153,7.677200000000001,34.4,65.6,95.6,4.3999999999999995
glide,49.6,73.6235671734966,70.7267,94.8,5.200000000000003,95.6,4.3999999999999995
midjourney-v5,51.349999999999994,49.257586498079014,50.473,98.3,1.7000000000000028,95.6,4.3999999999999995
stable-diffusion-1-3,45.1,41.59572150214025,33.786699999999996,85.8,14.200000000000003,95.6,4.3999999999999995
stable-diffusion-1-4,45.4,40.8756280311653,34.0598,86.4,13.599999999999994,95.6,4.3999999999999995
stable-diffusion-2,45.1,51.50281477287017,42.7541,85.8,14.200000000000003,95.6,4.3999999999999995
stable-diffusion-xl,50.4,42.868747644005374,36.6726,96.39999999999999,3.6000000000000085,95.6,4.3999999999999995
